date,symbol,description,sector,sector_symbol,open,high,low,close,volume
2026-04-13,FBDEMO,FBDEMO Demonstration Corp,Demonstration,$DEMO,76.58876379472677,76.94995310470969,76.08458067233857,76.30835348698163,902282
2026-04-14,FBDEMO,FBDEMO Demonstration Corp,Demonstration,$DEMO,76.33407141264767,76.6901591130238,75.51307075337762,75.84476075746093,787231
2026-04-15,FBDEMO,FBDEMO Demonstration Corp,Demonstration,$DEMO,75.68280128786714,76.12815968807861,75.06465169852511,75.34880797572902,716936
2026-04-16,FBDEMO,FBDEMO Demonstration Corp,Demonstration,$DEMO,75.53872422876272,75.82932927036642,74.54420936273945,74.89713228008132,1016500
2026-04-17,FBDEMO,FBDEMO Demonstration Corp,Demonstration,$DEMO,74.89175472962826,75.25536042811224,73.88159869354124,74.46950604444501,881533
2026-04-20,FBDEMO,FBDEMO Demonstration Corp,Demonstration,$DEMO,74.40971150790854,75.29146988333048,74.00360026773279,74.75521872147532,853392
2026-04-21,FBDEMO,FBDEMO Demonstration Corp,Demonstration,$DEMO,74.67181781654946,75.13481825802911,73.84736701556639,74.27304121213675,768809
2026-04-22,FBDEMO,FBDEMO Demonstration Corp,Demonstration,$DEMO,74.38757363437617,74.61751503820295,73.61054328675911,74.00579633121833,791158
2026-04-23,FBDEMO,FBDEMO Demonstration Corp,Demonstration,$DEMO,73.9574944236421,74.29469951970867,73.59967978352952,73.93784853801651,884434
2026-04-24,FBDEMO,FBDEMO Demonstration Corp,Demonstration,$DEMO,73.94272873970097,74.43586865818189,73.35142349487478,73.73548311212303,1001939
2026-04-27,FBDEMO,FBDEMO Demonstration Corp,Demonstration,$DEMO,73.51411178762865,73.97632988186454,72.50461293202075,72.86250081158276,713760
2026-04-28,FBDEMO,FBDEMO Demonstration Corp,Demonstration,$DEMO,72.87828409748707,73.69464164240483,72.49230629843011,73.5090410453614,859485
2026-04-29,FBDEMO,FBDEMO Demonstration Corp,Demonstration,$DEMO,73.44916518921822,73.88517098546765,72.04142269108428,72.4324832303452,711442
2026-04-30,FBDEMO,FBDEMO Demonstration Corp,Demonstration,$DEMO,72.53180954373177,73.58712008741635,72.34645092857909,73.27069475039522,918871
2026-05-01,FBDEMO,FBDEMO Demonstration Corp,Demonstration,$DEMO,73.38694987357437,73.77478136769979,72.34511485272975,72.66535907124796,1022744
2026-05-04,FBDEMO,FBDEMO Demonstration Corp,Demonstration,$DEMO,72.59851134142778,72.8688063206101,71.9265118292078,72.11788353492267,1016347
2026-05-05,FBDEMO,FBDEMO Demonstration Corp,Demonstration,$DEMO,71.97661909382751,72.71972892831681,71.48176733317112,72.37603903046661,886737
2026-05-06,FBDEMO,FBDEMO Demonstration Corp,Demonstration,$DEMO,72.4304188473631,72.92484893750023,71.4967042953409,71.75582020933689,890742
2026-05-07,FBDEMO,FBDEMO Demonstration Corp,Demonstration,$DEMO,71.9066220077743,72.21917002436274,71.21148824123473,71.69345787093452,859977
2026-05-08,FBDEMO,FBDEMO Demonstration Corp,Demonstration,$DEMO,71.84086529144578,72.19404794387027,70.91791885254527,71.28002358224522,755129
2026-05-11,FBDEMO,FBDEMO Demonstration Corp,Demonstration,$DEMO,71.42611575436337,71.70449695976845,71.15169076624271,71.30702878643648,711624
2026-05-12,FBDEMO,FBDEMO Demonstration Corp,Demonstration,$DEMO,71.405060345983,71.95118129791648,70.86785480543216,71.04719828722523,949874
2026-05-13,FBDEMO,FBDEMO Demonstration Corp,Demonstration,$DEMO,71.07235538806084,71.315961498692,69.92204824656578,70.24594644040994,717619
2026-05-14,FBDEMO,FBDEMO Demonstration Corp,Demonstration,$DEMO,70.12594354352298,70.55468644308812,69.77756886349155,70.07850230203579,1027427
2026-05-15,FBDEMO,FBDEMO Demonstration Corp,Demonstration,$DEMO,70.05536058581178,70.3485642780087,69.6394002520112,70.09610357459148,971527
2026-05-18,FBDEMO,FBDEMO Demonstration Corp,Demonstration,$DEMO,70.03491872947399,70.35086502420305,69.34800100177347,69.69119715754215,846414
2026-05-19,FBDEMO,FBDEMO Demonstration Corp,Demonstration,$DEMO,69.51698562298623,69.86510979325075,68.65529463640078,68.86022401936475,1016685
2026-05-20,FBDEMO,FBDEMO Demonstration Corp,Demonstration,$DEMO,68.8340516345213,70.14753503671717,68.5200844115059,69.8173129097781,931610
2026-05-21,FBDEMO,FBDEMO Demonstration Corp,Demonstration,$DEMO,69.79333335759432,70.08263514519513,67.99503763276861,68.39100633531673,879745
2026-05-22,FBDEMO,FBDEMO Demonstration Corp,Demonstration,$DEMO,68.39059632104289,68.69816111611317,67.83779837470841,68.16716800095146,1005994
2026-05-25,FBDEMO,FBDEMO Demonstration Corp,Demonstration,$DEMO,68.08592071173005,68.48121310038239,67.76412385329989,68.14268852247477,812898
2026-05-26,FBDEMO,FBDEMO Demonstration Corp,Demonstration,$DEMO,67.9264925078422,68.90643730007106,67.6165408755511,68.40815834732497,754644
2026-05-27,FBDEMO,FBDEMO Demonstration Corp,Demonstration,$DEMO,68.32758575700383,68.87992235945359,68.1656181814969,68.50288350185647,839145
2026-05-28,FBDEMO,FBDEMO Demonstration Corp,Demonstration,$DEMO,68.45514284876484,68.83271285178117,67.35790878372575,67.68408378527478,973861
2026-05-29,FBDEMO,FBDEMO Demonstration Corp,Demonstration,$DEMO,67.6917400200353,68.00173623262462,67.07367007094376,67.39049834184753,912760
2026-06-01,FBDEMO,FBDEMO Demonstration Corp,Demonstration,$DEMO,67.38559449030063,67.74923436769522,67.04726738341634,67.29869241000058,865845
2026-06-02,FBDEMO,FBDEMO Demonstration Corp,Demonstration,$DEMO,67.33215537281761,67.70891340134844,66.60297717186451,66.89727927188888,834118
2026-06-03,FBDEMO,FBDEMO Demonstration Corp,Demonstration,$DEMO,66.82851554484314,67.18902947075527,66.31840777595598,66.77306226288862,893405
2026-06-04,FBDEMO,FBDEMO Demonstration Corp,Demonstration,$DEMO,66.9035535176684,67.17865553896905,65.87959181615673,66.18080799137836,1014494
2026-06-05,FBDEMO,FBDEMO Demonstration Corp,Demonstration,$DEMO,66.11329996908638,66.75695098695371,65.77784178429195,66.37271208113353,1023487
2026-06-08,FBDEMO,FBDEMO Demonstration Corp,Demonstration,$DEMO,66.41076553771023,66.87264034450631,65.74106978454115,66.10992223148368,815302
2026-06-09,FBDEMO,FBDEMO Demonstration Corp,Demonstration,$DEMO,66.1570210158143,66.53689461219103,64.78854865288216,65.06808312342369,984603
2026-06-10,FBDEMO,FBDEMO Demonstration Corp,Demonstration,$DEMO,65.04684400148417,65.7957081873725,64.74541163799823,65.46913673530933,1042694
2026-06-11,FBDEMO,FBDEMO Demonstration Corp,Demonstration,$DEMO,65.64663308725325,66.04414933391517,65.19073208726537,65.29561642894923,746876
2026-06-12,FBDEMO,FBDEMO Demonstration Corp,Demonstration,$DEMO,65.19303096172509,65.5306017359438,64.81117743602981,65.15714293287365,811157
2026-06-15,FBDEMO,FBDEMO Demonstration Corp,Demonstration,$DEMO,65.05316094197354,65.36976734002972,64.21083028372813,64.52149486819688,845168
2026-06-16,FBDEMO,FBDEMO Demonstration Corp,Demonstration,$DEMO,64.45977711563101,64.8626516783301,63.78669469823729,64.1281504060065,853884
2026-06-17,FBDEMO,FBDEMO Demonstration Corp,Demonstration,$DEMO,64.0547776482088,64.37432554468576,63.63802480943017,63.983794457457435,936522
2026-06-18,FBDEMO,FBDEMO Demonstration Corp,Demonstration,$DEMO,63.846688539488326,64.45010865904261,63.44594956557665,64.15345146997346,742044
2026-06-19,FBDEMO,FBDEMO Demonstration Corp,Demonstration,$DEMO,64.26835325758678,64.40320077132448,62.94367217846264,63.511486057482266,984102
2026-06-22,FBDEMO,FBDEMO Demonstration Corp,Demonstration,$DEMO,63.433446091807916,63.85412542598397,63.06005990881675,63.286039732773396,846247
2026-06-23,FBDEMO,FBDEMO Demonstration Corp,Demonstration,$DEMO,63.36894644334903,63.92255815546007,63.026154935489686,63.57025436175613,756252
2026-06-24,FBDEMO,FBDEMO Demonstration Corp,Demonstration,$DEMO,63.53424219085433,63.861481023071065,62.363567584949486,62.77987587494585,765853
2026-06-25,FBDEMO,FBDEMO Demonstration Corp,Demonstration,$DEMO,62.689311763740584,63.016359713731845,62.18391772881404,62.49838286618897,945439
2026-06-26,FBDEMO,FBDEMO Demonstration Corp,Demonstration,$DEMO,62.302148016741675,62.832870598699714,61.95564923049661,62.474453482216255,983626
2026-06-29,FBDEMO,FBDEMO Demonstration Corp,Demonstration,$DEMO,62.41672318139448,62.64360534103568,61.98706298232478,62.305610944593894,881621
2026-06-30,FBDEMO,FBDEMO Demonstration Corp,Demonstration,$DEMO,62.28603540581742,62.63961815901847,61.931404787509116,62.29053630442795,833294
2026-07-01,FBDEMO,FBDEMO Demonstration Corp,Demonstration,$DEMO,62.14656748592167,62.588542395875805,61.082390063238066,61.50378824926651,727215
2026-07-02,FBDEMO,FBDEMO Demonstration Corp,Demonstration,$DEMO,61.598556593380856,61.99061428990941,60.59235003300859,61.060916713558115,920474
2026-07-03,FBDEMO,FBDEMO Demonstration Corp,Demonstration,$DEMO,61.14878157508732,61.66727210237251,60.76932898526157,61.21570093756164,881809
2026-07-06,FBDEMO,FBDEMO Demonstration Corp,Demonstration,$DEMO,61.2332213297418,61.64030400931758,60.89343203150221,61.180218308404235,709830
2026-07-07,FBDEMO,FBDEMO Demonstration Corp,Demonstration,$DEMO,61.153100482502765,61.521784196868786,60.038097160891326,60.33517256789016,857080
2026-07-08,FBDEMO,FBDEMO Demonstration Corp,Demonstration,$DEMO,60.04178005276104,60.66103588613994,59.75863705900997,60.36356635558028,786958
2026-07-09,FBDEMO,FBDEMO Demonstration Corp,Demonstration,$DEMO,60.46679849583655,60.64503255686492,60.05504551076066,60.335734820668925,855348
2026-07-10,FBDEMO,FBDEMO Demonstration Corp,Demonstration,$DEMO,60.526622374391486,60.66361017385073,59.73960142777208,60.06468680400619,857270
2026-07-13,FBDEMO,FBDEMO Demonstration Corp,Demonstration,$DEMO,59.98700303891335,60.18192913928822,59.42325827383993,59.77334051745687,793642
2026-07-14,FBDEMO,FBDEMO Demonstration Corp,Demonstration,$DEMO,59.6661113477305,59.77195037867442,59.13366440714639,59.428070935134286,868551
2026-07-15,FBDEMO,FBDEMO Demonstration Corp,Demonstration,$DEMO,59.265110016114555,59.711499047250605,58.67581702592182,59.02618299173998,827823
2026-07-16,FBDEMO,FBDEMO Demonstration Corp,Demonstration,$DEMO,58.89209421747308,59.25954519204674,58.219486203843566,58.740121359730864,958670
2026-07-17,FBDEMO,FBDEMO Demonstration Corp,Demonstration,$DEMO,58.58403918986628,59.331978282463986,58.244410786508396,59.07375342559618,966656
2026-07-20,FBDEMO,FBDEMO Demonstration Corp,Demonstration,$DEMO,59.07789286208698,59.441676762293895,57.974103490302106,58.18718127983207,849191
2026-07-21,FBDEMO,FBDEMO Demonstration Corp,Demonstration,$DEMO,58.19801514377928,58.83692357654895,57.91976253726597,58.59384002758491,819799
2026-07-22,FBDEMO,FBDEMO Demonstration Corp,Demonstration,$DEMO,58.7008620830728,58.9836906561848,57.22967438538598,57.63178363795771,708764
2026-07-23,FBDEMO,FBDEMO Demonstration Corp,Demonstration,$DEMO,57.58949836165951,58.92581597751201,57.227681288120955,58.563002900352394,1000594
2026-07-24,FBDEMO,FBDEMO Demonstration Corp,Demonstration,$DEMO,58.6370652255091,59.05103986134162,56.73164109428006,57.01332893991265,832346
2026-07-27,FBDEMO,FBDEMO Demonstration Corp,Demonstration,$DEMO,57.20999974139922,57.61278373571499,55.765551403553374,56.2,945721
2026-07-28,FBDEMO,FBDEMO Demonstration Corp,Demonstration,$DEMO,56.31757332225206,56.80646436293431,55.97386679736246,56.5,791163
2026-07-29,FBDEMO,FBDEMO Demonstration Corp,Demonstration,$DEMO,56.50925458716489,57.175223764476094,56.006871546412704,56.8,963333
2026-07-30,FBDEMO,FBDEMO Demonstration Corp,Demonstration,$DEMO,57.02230158799548,57.683219041848645,56.084720490967776,56.6,873561
2026-07-31,FBDEMO,FBDEMO Demonstration Corp,Demonstration,$DEMO,56.80254483134001,57.24420961256235,56.52735086791362,56.9,840928
2026-08-03,FBDEMO,FBDEMO Demonstration Corp,Demonstration,$DEMO,56.90307770490347,57.42530336327776,56.643108340531775,57.1,934824
2026-08-04,FBDEMO,FBDEMO Demonstration Corp,Demonstration,$DEMO,57.07172390608845,57.461341717359154,56.644833533511736,57.0,760453
2026-08-05,FBDEMO,FBDEMO Demonstration Corp,Demonstration,$DEMO,57.10929647232523,57.60643904355379,56.71947041185878,57.2,935082
2026-08-06,FBDEMO,FBDEMO Demonstration Corp,Demonstration,$DEMO,57.35304804855483,57.69454726591216,56.54183246154918,56.9,703385
2026-08-07,FBDEMO,FBDEMO Demonstration Corp,Demonstration,$DEMO,55.3,55.75,53.85,54.15,2150000
2026-04-13,IFDEMO,IFDEMO Demonstration Corp,Demonstration,$DEMO,39.167764249625485,39.3820483488001,38.80868033245927,39.03084757936896,914578
2026-04-14,IFDEMO,IFDEMO Demonstration Corp,Demonstration,$DEMO,39.1439619886388,39.969467339660895,38.95300646066092,39.5692594354309,933154
2026-04-15,IFDEMO,IFDEMO Demonstration Corp,Demonstration,$DEMO,39.33811066931706,39.936181972706976,38.92154316431945,39.56211739991459,768213
2026-04-16,IFDEMO,IFDEMO Demonstration Corp,Demonstration,$DEMO,39.79499598193037,40.35247837084896,39.397696345715836,39.9534016794077,944109
2026-04-17,IFDEMO,IFDEMO Demonstration Corp,Demonstration,$DEMO,39.90855720845861,40.252370992896125,39.27690943221917,39.57761300040659,1258927
2026-04-20,IFDEMO,IFDEMO Demonstration Corp,Demonstration,$DEMO,39.70207270775129,40.60697505053792,39.26862999587064,40.234941243487036,654720
2026-04-21,IFDEMO,IFDEMO Demonstration Corp,Demonstration,$DEMO,40.25607820961075,40.50981460155104,39.58465468568988,39.92047791330804,842648
2026-04-22,IFDEMO,IFDEMO Demonstration Corp,Demonstration,$DEMO,40.03247970681864,41.11717405017299,39.85015932482113,40.74626775446518,1110239
2026-04-23,IFDEMO,IFDEMO Demonstration Corp,Demonstration,$DEMO,40.85648832422713,41.154283392556884,40.08731316567412,40.548131188147586,863140
2026-04-24,IFDEMO,IFDEMO Demonstration Corp,Demonstration,$DEMO,40.493015741646886,41.61517159872843,40.08079431015839,41.35410966991658,712243
2026-04-27,IFDEMO,IFDEMO Demonstration Corp,Demonstration,$DEMO,41.19850881891717,41.64293683926751,40.82522642163205,41.11960228852142,1283598
2026-04-28,IFDEMO,IFDEMO Demonstration Corp,Demonstration,$DEMO,41.178008338664064,41.73455702026166,40.8358749357645,41.52339222189466,1138832
2026-04-29,IFDEMO,IFDEMO Demonstration Corp,Demonstration,$DEMO,41.44633042433311,42.26688629891345,41.17533225633909,41.78339184462624,907416
2026-04-30,IFDEMO,IFDEMO Demonstration Corp,Demonstration,$DEMO,41.74978633650578,42.212777763258366,41.408503141075,41.9452213049238,938801
2026-05-01,IFDEMO,IFDEMO Demonstration Corp,Demonstration,$DEMO,41.951257738647215,42.3955500705862,41.43131617882171,41.836342115439194,1276832
2026-05-04,IFDEMO,IFDEMO Demonstration Corp,Demonstration,$DEMO,41.64415737225681,43.07134979508272,41.28890034979125,42.560714052331946,796430
2026-05-05,IFDEMO,IFDEMO Demonstration Corp,Demonstration,$DEMO,42.68830811756517,43.00270538990077,42.104317100855305,42.517263381242124,650413
2026-05-06,IFDEMO,IFDEMO Demonstration Corp,Demonstration,$DEMO,42.49796981629014,43.71035780660364,42.16326903444829,43.392330468535036,1203201
2026-05-07,IFDEMO,IFDEMO Demonstration Corp,Demonstration,$DEMO,43.283824342981525,43.67086877837196,42.64189257875858,43.021555557411986,737126
2026-05-08,IFDEMO,IFDEMO Demonstration Corp,Demonstration,$DEMO,43.09654611177304,43.81281026222049,42.65835370666524,43.354566405092406,888641
2026-05-11,IFDEMO,IFDEMO Demonstration Corp,Demonstration,$DEMO,43.40306494160376,43.90056864838932,43.03892283355203,43.459877334518815,1019813
2026-05-12,IFDEMO,IFDEMO Demonstration Corp,Demonstration,$DEMO,43.57169437267948,44.4792030423386,43.382697926292565,44.13799158312625,1142426
2026-05-13,IFDEMO,IFDEMO Demonstration Corp,Demonstration,$DEMO,44.0520540721958,44.579086896820584,43.74426218957549,44.31503773799733,1021854
2026-05-14,IFDEMO,IFDEMO Demonstration Corp,Demonstration,$DEMO,44.29716505058285,44.705761333824356,43.89944979561038,44.346365677476314,747059
2026-05-15,IFDEMO,IFDEMO Demonstration Corp,Demonstration,$DEMO,44.22220371430634,44.976690860957035,43.810892237970826,44.666514470629934,982496
2026-05-18,IFDEMO,IFDEMO Demonstration Corp,Demonstration,$DEMO,44.74000704797362,45.20222148307205,44.140803122804186,44.46970810572664,1278809
2026-05-19,IFDEMO,IFDEMO Demonstration Corp,Demonstration,$DEMO,44.73743175475709,45.02919180109875,44.46542343085843,44.68086618222504,1156989
2026-05-20,IFDEMO,IFDEMO Demonstration Corp,Demonstration,$DEMO,44.6397175361332,45.6314074348965,44.233241162775926,45.401436009696255,814882
2026-05-21,IFDEMO,IFDEMO Demonstration Corp,Demonstration,$DEMO,45.38714356618739,45.60073393989742,44.788924347628985,45.15235951656981,1065536
2026-05-22,IFDEMO,IFDEMO Demonstration Corp,Demonstration,$DEMO,45.26744543764252,45.79564017307608,44.9557083316099,45.50108404302461,929316
2026-05-25,IFDEMO,IFDEMO Demonstration Corp,Demonstration,$DEMO,45.40650321436501,45.746129027952655,45.182004363373444,45.45207566584192,963225
2026-05-26,IFDEMO,IFDEMO Demonstration Corp,Demonstration,$DEMO,45.417480025502805,46.18522984364509,45.059077942214046,45.93392515370322,915405
2026-05-27,IFDEMO,IFDEMO Demonstration Corp,Demonstration,$DEMO,46.060719119273756,46.74856929435042,45.69172223439733,46.33654410245258,794541
2026-05-28,IFDEMO,IFDEMO Demonstration Corp,Demonstration,$DEMO,46.46099082034751,46.86202458272266,46.162089714327074,46.4538400560165,1211639
2026-05-29,IFDEMO,IFDEMO Demonstration Corp,Demonstration,$DEMO,46.49416976058074,46.895173151393124,46.03904560304303,46.36195447307166,684796
2026-06-01,IFDEMO,IFDEMO Demonstration Corp,Demonstration,$DEMO,46.425121064307966,47.367777109766216,46.045863174282346,47.09822806928298,962570
2026-06-02,IFDEMO,IFDEMO Demonstration Corp,Demonstration,$DEMO,47.16162506733618,47.546821180133996,46.84151461083124,47.18645953393254,849797
2026-06-03,IFDEMO,IFDEMO Demonstration Corp,Demonstration,$DEMO,47.212903377550916,47.48327349692636,46.517781390366174,46.813274448779,667427
2026-06-04,IFDEMO,IFDEMO Demonstration Corp,Demonstration,$DEMO,46.873161123572984,47.79382852257352,46.45201801469261,47.35885766040872,742133
2026-06-05,IFDEMO,IFDEMO Demonstration Corp,Demonstration,$DEMO,47.349369988875615,48.13678703846365,47.05647247262019,47.748992427121635,1133852
2026-06-08,IFDEMO,IFDEMO Demonstration Corp,Demonstration,$DEMO,47.77301424615974,48.226093889184575,47.53130798759243,47.93343610576809,1059740
2026-06-09,IFDEMO,IFDEMO Demonstration Corp,Demonstration,$DEMO,47.968748013394325,48.63120187104043,47.6379977457557,48.31226852129546,690562
2026-06-10,IFDEMO,IFDEMO Demonstration Corp,Demonstration,$DEMO,48.21185975844,49.224053236702595,47.822421967928086,48.74006081980191,1158112
2026-06-11,IFDEMO,IFDEMO Demonstration Corp,Demonstration,$DEMO,48.642592257145814,49.116778144370734,48.28938200705092,48.71109152545356,1035431
2026-06-12,IFDEMO,IFDEMO Demonstration Corp,Demonstration,$DEMO,48.6213146978732,49.2144155425913,48.18796785986304,48.9346568969151,1161108
2026-06-15,IFDEMO,IFDEMO Demonstration Corp,Demonstration,$DEMO,48.895940876615924,49.86437848097127,48.60211731486011,49.479787587645745,669567
2026-06-16,IFDEMO,IFDEMO Demonstration Corp,Demonstration,$DEMO,49.53667488035751,50.14977302376128,49.14449232041329,49.76017748761368,1178111
2026-06-17,IFDEMO,IFDEMO Demonstration Corp,Demonstration,$DEMO,49.80766557112689,50.247202084568535,49.14673946220335,49.56466475180253,1130185
2026-06-18,IFDEMO,IFDEMO Demonstration Corp,Demonstration,$DEMO,49.49721335326706,50.71442811277314,49.18775320094922,50.21597319642322,887969
2026-06-19,IFDEMO,IFDEMO Demonstration Corp,Demonstration,$DEMO,50.145948700198105,50.49766205010876,49.275040473476295,49.69942510211434,1149515
2026-06-22,IFDEMO,IFDEMO Demonstration Corp,Demonstration,$DEMO,49.75673691017268,50.910977117307915,49.44741536692802,50.65641047514327,1276961
2026-06-23,IFDEMO,IFDEMO Demonstration Corp,Demonstration,$DEMO,50.770357872053445,51.143603363342734,50.27204707310111,50.64383386027029,1294590
2026-06-24,IFDEMO,IFDEMO Demonstration Corp,Demonstration,$DEMO,50.46009356871772,50.93048992434101,50.085675301222665,50.5778453926638,1035146
2026-06-25,IFDEMO,IFDEMO Demonstration Corp,Demonstration,$DEMO,50.45268835664715,51.06569985426539,50.082978911240616,50.87988067854651,678801
2026-06-26,IFDEMO,IFDEMO Demonstration Corp,Demonstration,$DEMO,50.97450924016938,51.47817879384511,50.65344483687018,51.245126713663886,1178089
2026-06-29,IFDEMO,IFDEMO Demonstration Corp,Demonstration,$DEMO,51.40502109191067,52.22766908290134,51.045135712629424,51.73574868216577,902775
2026-06-30,IFDEMO,IFDEMO Demonstration Corp,Demonstration,$DEMO,51.46876514977197,52.225949207857006,51.0362945376875,51.86049490118889,1285600
2026-07-01,IFDEMO,IFDEMO Demonstration Corp,Demonstration,$DEMO,52.16271531673833,52.60488239407184,51.540748393478125,51.96019985183605,780701
2026-07-02,IFDEMO,IFDEMO Demonstration Corp,Demonstration,$DEMO,51.931193204125755,52.259473814335145,51.64949816759069,52.03628270556723,1119934
2026-07-03,IFDEMO,IFDEMO Demonstration Corp,Demonstration,$DEMO,51.93615955967968,52.66706626048609,51.51815151966512,52.36730740144136,908000
2026-07-06,IFDEMO,IFDEMO Demonstration Corp,Demonstration,$DEMO,52.38217497747994,52.554725119079094,51.984380377321074,52.306424230997656,1151311
2026-07-07,IFDEMO,IFDEMO Demonstration Corp,Demonstration,$DEMO,52.44991339063508,53.134482793100474,51.963731338484,52.70945443880149,1123361
2026-07-08,IFDEMO,IFDEMO Demonstration Corp,Demonstration,$DEMO,52.58338764420445,53.22166378604233,52.26233374911817,52.8359251123981,1170148
2026-07-09,IFDEMO,IFDEMO Demonstration Corp,Demonstration,$DEMO,52.71010361631493,53.45926780286696,52.51770187808599,53.170494581668976,948080
2026-07-10,IFDEMO,IFDEMO Demonstration Corp,Demonstration,$DEMO,52.974728249657645,53.937961601753365,52.64120556129959,53.57303606072162,1144616
2026-07-13,IFDEMO,IFDEMO Demonstration Corp,Demonstration,$DEMO,53.52014053278508,54.09246877104954,53.20248740068796,53.62995300840308,1110247
2026-07-14,IFDEMO,IFDEMO Demonstration Corp,Demonstration,$DEMO,53.69830593297666,53.9519446596403,53.2924783213987,53.53661423372199,1253672
2026-07-15,IFDEMO,IFDEMO Demonstration Corp,Demonstration,$DEMO,53.48285999043743,54.6911548367188,53.1605392087181,54.390943525522424,828675
2026-07-16,IFDEMO,IFDEMO Demonstration Corp,Demonstration,$DEMO,54.39525124302144,54.89509030487555,54.10635305204495,54.37472780875105,847015
2026-07-17,IFDEMO,IFDEMO Demonstration Corp,Demonstration,$DEMO,54.2238236875183,55.0922608384021,53.76375745047909,54.69775719653774,915421
2026-07-20,IFDEMO,IFDEMO Demonstration Corp,Demonstration,$DEMO,54.906310532145895,55.16094556887363,54.277720264091286,54.673619797294755,1020908
2026-07-21,IFDEMO,IFDEMO Demonstration Corp,Demonstration,$DEMO,54.45959401774225,55.343507480460175,54.20578489236107,54.99913621260518,1032131
2026-07-22,IFDEMO,IFDEMO Demonstration Corp,Demonstration,$DEMO,54.93378158730945,55.43497422548574,54.47158124787386,55.21659636239545,873525
2026-07-23,IFDEMO,IFDEMO Demonstration Corp,Demonstration,$DEMO,55.329558149127855,56.21227074767955,55.063763477130045,55.82002533137115,1147426
2026-07-24,IFDEMO,IFDEMO Demonstration Corp,Demonstration,$DEMO,56.020355043744,56.465640887002714,55.13365085047254,55.461821276622516,1048442
2026-07-27,IFDEMO,IFDEMO Demonstration Corp,Demonstration,$DEMO,55.592854298274126,56.54839925702905,55.186293520620914,56.15283343212582,1241640
2026-07-28,IFDEMO,IFDEMO Demonstration Corp,Demonstration,$DEMO,56.24948072481515,56.6697862813504,55.81388761869142,56.165865506625835,826360
2026-07-29,IFDEMO,IFDEMO Demonstration Corp,Demonstration,$DEMO,56.01175014909627,56.8233483858305,55.62088464925522,56.56463332938066,990524
2026-07-30,IFDEMO,IFDEMO Demonstration Corp,Demonstration,$DEMO,56.51573235699142,56.896893939754804,56.313542400630254,56.49981552236931,1211798
2026-07-31,IFDEMO,IFDEMO Demonstration Corp,Demonstration,$DEMO,56.45064293500778,56.81073212811989,55.96369215918724,56.49644495564133,918934
2026-08-03,IFDEMO,IFDEMO Demonstration Corp,Demonstration,$DEMO,56.46316796111693,57.58429924565159,56.102429956234076,57.28881032990682,948692
2026-08-04,IFDEMO,IFDEMO Demonstration Corp,Demonstration,$DEMO,57.432746746122945,58.012210706171565,57.000594723544936,57.230454764897324,920947
2026-08-05,IFDEMO,IFDEMO Demonstration Corp,Demonstration,$DEMO,57.4405300615807,57.82075469173151,56.96808336087454,57.64390437094652,1293528
2026-08-06,IFDEMO,IFDEMO Demonstration Corp,Demonstration,$DEMO,57.81895884513817,58.37169606806917,57.66962118593879,57.92002539457356,1097727
2026-08-07,IFDEMO,IFDEMO Demonstration Corp,Demonstration,$DEMO,59.42169606806917,59.971696068069164,58.55169606806917,58.63169606806917,1900000
2026-04-13,SHDEMO,SHDEMO Demonstration Corp,Demonstration,$DEMO,69.48137710267832,69.86252715526238,68.83630277973884,69.19173046570127,994476
2026-04-14,SHDEMO,SHDEMO Demonstration Corp,Demonstration,$DEMO,69.28693336421827,69.58253033711678,68.46443608994826,68.91711452547355,1040611
2026-04-15,SHDEMO,SHDEMO Demonstration Corp,Demonstration,$DEMO,68.76037279566152,69.4007984473045,68.36520700538813,68.86674877897032,1160127
2026-04-16,SHDEMO,SHDEMO Demonstration Corp,Demonstration,$DEMO,68.89373597754232,69.03578318636687,68.42343433098402,68.77779256454653,948077
2026-04-17,SHDEMO,SHDEMO Demonstration Corp,Demonstration,$DEMO,68.77744052254229,69.19396176217253,68.25795323188866,68.51033170515917,908914
2026-04-20,SHDEMO,SHDEMO Demonstration Corp,Demonstration,$DEMO,68.7168165621159,69.05334892615619,68.31885387797232,68.70138828086792,976484
2026-04-21,SHDEMO,SHDEMO Demonstration Corp,Demonstration,$DEMO,68.63559733373943,69.42389455673776,68.33415170636343,68.84696442752482,1129116
2026-04-22,SHDEMO,SHDEMO Demonstration Corp,Demonstration,$DEMO,68.86643380796384,69.30878496782334,67.57509669486618,68.14205663752021,1131019
2026-04-23,SHDEMO,SHDEMO Demonstration Corp,Demonstration,$DEMO,68.15362593251089,68.46327817649028,67.7363915805001,68.06634172200967,1223698
2026-04-24,SHDEMO,SHDEMO Demonstration Corp,Demonstration,$DEMO,68.08433668362434,68.49728384165812,67.61028211223983,67.97188708259844,872556
2026-04-27,SHDEMO,SHDEMO Demonstration Corp,Demonstration,$DEMO,67.85046651756447,68.26442580050595,67.47842016923643,67.90243126262561,918437
2026-04-28,SHDEMO,SHDEMO Demonstration Corp,Demonstration,$DEMO,67.84572754043161,68.42265501915068,67.37327174205541,67.98162664540438,1223444
2026-04-29,SHDEMO,SHDEMO Demonstration Corp,Demonstration,$DEMO,67.70667125755129,68.35509807315431,67.28939130654429,67.94385514261657,1229507
2026-04-30,SHDEMO,SHDEMO Demonstration Corp,Demonstration,$DEMO,68.13923174883615,68.57017582433113,67.35566806544726,67.86126621593792,1125668
2026-05-01,SHDEMO,SHDEMO Demonstration Corp,Demonstration,$DEMO,68.00931519691761,68.28170562929432,67.40274664317927,67.71236943991593,1061832
2026-05-04,SHDEMO,SHDEMO Demonstration Corp,Demonstration,$DEMO,67.63833886428021,68.04765879814195,67.032893204665,67.35493304739755,1112155
2026-05-05,SHDEMO,SHDEMO Demonstration Corp,Demonstration,$DEMO,67.25096642574194,67.84937351026313,66.76404093491287,67.44927868591388,863779
2026-05-06,SHDEMO,SHDEMO Demonstration Corp,Demonstration,$DEMO,67.46551154344341,67.77038192693603,66.9097749609335,67.19658861332354,1143217
2026-05-07,SHDEMO,SHDEMO Demonstration Corp,Demonstration,$DEMO,67.18039514221164,67.62124025682414,66.80464298638056,67.26338066342161,899694
2026-05-08,SHDEMO,SHDEMO Demonstration Corp,Demonstration,$DEMO,67.35894171578322,67.7286361784685,67.10027401128214,67.28047980292412,1013756
2026-05-11,SHDEMO,SHDEMO Demonstration Corp,Demonstration,$DEMO,67.40838891339854,68.04365607324137,66.82611574257332,67.10739913135642,1089273
2026-05-12,SHDEMO,SHDEMO Demonstration Corp,Demonstration,$DEMO,66.95431400926876,67.71338240648556,66.44151754602471,67.23624989314979,1167851
2026-05-13,SHDEMO,SHDEMO Demonstration Corp,Demonstration,$DEMO,67.27777997164159,67.82140572371871,66.40660212116906,66.929339144677,1113004
2026-05-14,SHDEMO,SHDEMO Demonstration Corp,Demonstration,$DEMO,67.0516899930901,67.63604796365657,66.81131726651675,67.00078197197791,986094
2026-05-15,SHDEMO,SHDEMO Demonstration Corp,Demonstration,$DEMO,67.14136251022781,67.48474604788998,66.85479928646289,67.23396904628586,1201282
2026-05-18,SHDEMO,SHDEMO Demonstration Corp,Demonstration,$DEMO,67.210050130154,67.53003165308135,66.41986849574708,66.76814671262147,1222256
2026-05-19,SHDEMO,SHDEMO Demonstration Corp,Demonstration,$DEMO,67.04673561268821,67.43302762270844,65.93545331797044,66.2481616498131,1087319
2026-05-20,SHDEMO,SHDEMO Demonstration Corp,Demonstration,$DEMO,66.18527855079918,66.54896383766331,65.98718322203422,66.21475967508297,1150547
2026-05-21,SHDEMO,SHDEMO Demonstration Corp,Demonstration,$DEMO,66.4622534584988,66.74619786558861,65.7862961904792,66.30934089837714,1035838
2026-05-22,SHDEMO,SHDEMO Demonstration Corp,Demonstration,$DEMO,66.14294127246527,66.65412085786815,65.85906923631876,66.38003678317658,873341
2026-05-25,SHDEMO,SHDEMO Demonstration Corp,Demonstration,$DEMO,66.43956094479427,66.8626142698633,65.83821333826737,66.07802251897432,1041143
2026-05-26,SHDEMO,SHDEMO Demonstration Corp,Demonstration,$DEMO,65.89519525041452,66.49801419179842,65.51921052483172,66.1598810342867,986385
2026-05-27,SHDEMO,SHDEMO Demonstration Corp,Demonstration,$DEMO,66.21776433645488,66.38585769693313,65.38907010464739,65.87297568034224,948727
2026-05-28,SHDEMO,SHDEMO Demonstration Corp,Demonstration,$DEMO,65.86418408301279,66.25143419982089,65.41312051815156,65.81191522037051,1043419
2026-05-29,SHDEMO,SHDEMO Demonstration Corp,Demonstration,$DEMO,65.70116487732805,66.15840928810027,65.19086152299288,65.71743725662985,944964
2026-06-01,SHDEMO,SHDEMO Demonstration Corp,Demonstration,$DEMO,65.77334586030736,66.3043717659678,65.46777688579219,66.02227231594158,1049950
2026-06-02,SHDEMO,SHDEMO Demonstration Corp,Demonstration,$DEMO,66.04985831135873,66.41755280797334,65.29342607808921,65.74301255453342,904902
2026-06-03,SHDEMO,SHDEMO Demonstration Corp,Demonstration,$DEMO,65.64684306796272,65.97744257086893,64.84746425812044,65.23314609082128,1025431
2026-06-04,SHDEMO,SHDEMO Demonstration Corp,Demonstration,$DEMO,65.2466929029682,65.69724881330231,64.97612668010932,65.3618201938565,1180638
2026-06-05,SHDEMO,SHDEMO Demonstration Corp,Demonstration,$DEMO,65.308394716152,65.93441272882549,64.8524431376868,65.58420918679927,921949
2026-06-08,SHDEMO,SHDEMO Demonstration Corp,Demonstration,$DEMO,65.57331236790223,66.05591503158477,64.79505706687661,65.21560113563343,995700
2026-06-09,SHDEMO,SHDEMO Demonstration Corp,Demonstration,$DEMO,65.25363247996465,65.90267272664947,64.88560727485299,65.51302318943908,905611
2026-06-10,SHDEMO,SHDEMO Demonstration Corp,Demonstration,$DEMO,65.47164094185713,65.76565030471632,64.57894511526833,65.05224224123987,991205
2026-06-11,SHDEMO,SHDEMO Demonstration Corp,Demonstration,$DEMO,64.97118058670908,65.41962623896885,64.66443401247166,64.95242394183947,1130864
2026-06-12,SHDEMO,SHDEMO Demonstration Corp,Demonstration,$DEMO,64.97935210604327,65.39822033915097,64.28985566779673,64.76130156328581,1167042
2026-06-15,SHDEMO,SHDEMO Demonstration Corp,Demonstration,$DEMO,64.80992597796713,65.08445192951329,64.44055261939744,64.68672736553395,1070924
2026-06-16,SHDEMO,SHDEMO Demonstration Corp,Demonstration,$DEMO,64.60178892038782,65.02595674056062,64.3361463287081,64.59328435107447,1053555
2026-06-17,SHDEMO,SHDEMO Demonstration Corp,Demonstration,$DEMO,64.7052877024291,65.05382636279754,64.44008318122617,64.63630214810622,1158545
2026-06-18,SHDEMO,SHDEMO Demonstration Corp,Demonstration,$DEMO,64.55621710148083,65.03817274494125,64.28717558276188,64.64751237038153,1041937
2026-06-19,SHDEMO,SHDEMO Demonstration Corp,Demonstration,$DEMO,64.67683018648195,65.06810313657562,64.13395191654136,64.28070063066086,942581
2026-06-22,SHDEMO,SHDEMO Demonstration Corp,Demonstration,$DEMO,64.01833012060987,64.61413928209267,63.81466218571302,64.34815212460174,1165714
2026-06-23,SHDEMO,SHDEMO Demonstration Corp,Demonstration,$DEMO,64.39180028784358,64.72994760814284,63.639226480623506,63.91870266252645,937495
2026-06-24,SHDEMO,SHDEMO Demonstration Corp,Demonstration,$DEMO,63.93936873783436,64.45794767554978,63.77305120162821,64.0705063572075,878629
2026-06-25,SHDEMO,SHDEMO Demonstration Corp,Demonstration,$DEMO,63.95023815084103,64.3786179467899,63.4588487132128,64.06515054234825,1130922
2026-06-26,SHDEMO,SHDEMO Demonstration Corp,Demonstration,$DEMO,64.03503118663288,64.50057891032334,63.62075676023226,63.8482721287062,864298
2026-06-29,SHDEMO,SHDEMO Demonstration Corp,Demonstration,$DEMO,63.7014716526717,64.1006180290502,63.32496532227619,63.627027253078936,1177270
2026-06-30,SHDEMO,SHDEMO Demonstration Corp,Demonstration,$DEMO,63.79536010559717,64.21996758568666,63.52806414763871,63.78343597564032,1246941
2026-07-01,SHDEMO,SHDEMO Demonstration Corp,Demonstration,$DEMO,63.6208882055572,64.19418772371922,63.237448241275885,63.76051177849415,866108
2026-07-02,SHDEMO,SHDEMO Demonstration Corp,Demonstration,$DEMO,63.808421063786774,64.05409198340018,63.32316162824391,63.70121526795031,916965
2026-07-03,SHDEMO,SHDEMO Demonstration Corp,Demonstration,$DEMO,63.52626641824175,63.91003935797266,63.09071932292742,63.48858441856033,1232964
2026-07-06,SHDEMO,SHDEMO Demonstration Corp,Demonstration,$DEMO,63.39697026364973,63.90311515013764,62.748306725463884,63.61365367520456,901184
2026-07-07,SHDEMO,SHDEMO Demonstration Corp,Demonstration,$DEMO,63.64453334872283,64.00240208904593,62.89553199160096,63.147160554424566,1130191
2026-07-08,SHDEMO,SHDEMO Demonstration Corp,Demonstration,$DEMO,63.222319594937936,63.58955475193571,62.82506947457186,63.2028813418748,987850
2026-07-09,SHDEMO,SHDEMO Demonstration Corp,Demonstration,$DEMO,63.35196057273206,63.75583759885962,62.13786195490488,62.72491060301031,1174370
2026-07-10,SHDEMO,SHDEMO Demonstration Corp,Demonstration,$DEMO,62.664229027276605,63.19348651394382,62.22920709988775,62.90869011748622,929644
2026-07-13,SHDEMO,SHDEMO Demonstration Corp,Demonstration,$DEMO,62.80830919840868,63.25985116583432,62.56529090162429,62.828965609211856,1137333
2026-07-14,SHDEMO,SHDEMO Demonstration Corp,Demonstration,$DEMO,62.84225058515153,63.64858065314029,62.481343996811326,63.10434430793791,983804
2026-07-15,SHDEMO,SHDEMO Demonstration Corp,Demonstration,$DEMO,63.16039213030409,63.69096435987376,62.45162096575994,62.85648547209487,1073149
2026-07-16,SHDEMO,SHDEMO Demonstration Corp,Demonstration,$DEMO,62.80609254324996,63.1456018596798,62.240791113235815,62.74833942621434,862793
2026-07-17,SHDEMO,SHDEMO Demonstration Corp,Demonstration,$DEMO,62.94695550162865,63.43459907812512,61.89821581881961,62.261380351217745,863501
2026-07-20,SHDEMO,SHDEMO Demonstration Corp,Demonstration,$DEMO,62.18660573139054,62.67337943723101,61.97665456127018,62.28804331484751,1105629
2026-07-21,SHDEMO,SHDEMO Demonstration Corp,Demonstration,$DEMO,62.117875662892835,67.28585010497635,61.77215653954303,67.0,1500000
2026-07-22,SHDEMO,SHDEMO Demonstration Corp,Demonstration,$DEMO,67.06926179131476,67.21199985420773,65.68449845604746,66.2,1500000
2026-07-23,SHDEMO,SHDEMO Demonstration Corp,Demonstration,$DEMO,66.18862916002139,66.61419889770148,64.89255268394501,65.4,1500000
2026-07-24,SHDEMO,SHDEMO Demonstration Corp,Demonstration,$DEMO,65.46883456748586,65.99410048930882,64.27954148084068,64.6,1500000
2026-07-27,SHDEMO,SHDEMO Demonstration Corp,Demonstration,$DEMO,64.47245395414933,64.82812853371487,63.52538668642244,63.8,1500000
2026-07-28,SHDEMO,SHDEMO Demonstration Corp,Demonstration,$DEMO,63.99285628523539,64.16561926578345,62.600555856100954,63.0,1500000
2026-07-29,SHDEMO,SHDEMO Demonstration Corp,Demonstration,$DEMO,63.04047047063324,63.43161051736177,61.88342188580407,62.2,1500000
2026-07-30,SHDEMO,SHDEMO Demonstration Corp,Demonstration,$DEMO,62.10206059793275,62.43894265811081,61.206529500237075,61.4,1500000
2026-07-31,SHDEMO,SHDEMO Demonstration Corp,Demonstration,$DEMO,61.25823307298268,61.563249896889744,60.34536945836656,60.6,1500000
2026-08-03,SHDEMO,SHDEMO Demonstration Corp,Demonstration,$DEMO,60.517921132033116,60.91079048814709,59.674787635648094,59.8,1500000
2026-08-04,SHDEMO,SHDEMO Demonstration Corp,Demonstration,$DEMO,59.692679245640406,59.89055611296163,58.623108946632435,59.0,1500000
2026-08-05,SHDEMO,SHDEMO Demonstration Corp,Demonstration,$DEMO,59.10711062384926,60.608763952191886,58.90382501312611,60.25,650000
2026-08-06,SHDEMO,SHDEMO Demonstration Corp,Demonstration,$DEMO,60.16957235511273,61.530334681395594,59.81331646655253,61.25,650000
2026-08-07,SHDEMO,SHDEMO Demonstration Corp,Demonstration,$DEMO,62.2,62.5,60.35,60.42,650000
